CID,f_inhibition_at_50_uM,activity,MaxAbsEStateIndex
LON-WEI-4d77710c-1,3.39723098278046,0,12.39811610292265
LON-WEI-4d77710c-2,95.8849830627441,1,14.078682584993233
LON-WEI-4d77710c-3,-0.25133109092712397,0,12.498122008062484
LON-WEI-4d77710c-4,9.66134190559387,0,12.697955904523885
LON-WEI-4d77710c-5,10.777422904968299,0,12.394200286596119
LON-WEI-4d77710c-6,11.938231945037801,0,12.30839663643235
LON-WEI-4d77710c-8,98.61128616333008,1,12.802152392994746
LON-WEI-4d77710c-9,7.974440574646,0,12.607956117338786
LON-WEI-4d77710c-10,99.8317337036133,1,12.649889845795364
LON-WEI-4d77710c-11,97.81043243408199,1,12.75583007894516
LON-WEI-4d77710c-12,4.90095829963684,0,12.341837084772694
LON-WEI-4d77710c-13,6.75186371803284,0,12.619724474309162
LON-WEI-4d77710c-18,17.8977632522583,0,12.447983827790376
LON-WEI-4d77710c-19,99.39509963989259,1,12.378549225245653
LON-WEI-4d77710c-20,6.690095543861389,0,12.74413898125114
LON-WEI-4d77710c-21,-1.15867936611176,0,12.66225363799994
LON-WEI-4d77710c-22,6.62619781494141,0,12.619333527807104
LON-WEI-4d77710c-23,0.16826415061950695,0,12.748235067246439
LON-WEI-4d77710c-24,97.8849830627441,1,12.714158084530109
LON-WEI-4d77710c-26,2.80937159061432,0,12.551365583270345
LON-WEI-4d77710c-27,2.29818958044052,0,12.691644346431055
LON-WEI-4d77710c-28,0.630457937717438,0,12.752478211534676
LON-WEI-4d77710c-29,2.55378055945039,0,12.718882723148475
LON-WEI-4d77710c-30,12.185303211212199,0,12.718668119012325
LON-WEI-4d77710c-32,98.86901092529301,1,8.81734536257763
LON-WEI-4d77710c-33,5.22683703899384,0,13.176702963592847
LON-WEI-4d77710c-36,5.81256651878357,0,12.488006897203324
LON-WEI-4d77710c-37,-1.2119275778532,0,12.5513953029987
LON-WEI-4d77710c-39,67.9488792419434,1,12.291074184303351
LON-WEI-4d77710c-40,0.9307774305343628,0,12.677432537003488
LON-WEI-4d77710c-41,37.37380027771,0,13.163189720332575
LON-WEI-4d77710c-42,12.202342510223401,0,12.842985796170321
LON-WEI-4d77710c-43,9.0308837890625,0,12.75146504107498
LON-WEI-4d77710c-44,90.3003196716309,1,12.605314465126426
LON-WEI-4d77710c-48,2.49840253591537,0,12.756078964344967
LON-WEI-4d77710c-49,-6.89882826805115,0,12.103338050903506
LON-WEI-4d77710c-51,94.5239601135254,1,12.688990258382635
LON-WEI-4d77710c-53,-3.7806176692247413,0,14.049515150627267
LON-WEI-4d77710c-55,11.171458721160901,0,12.718212586078993
LON-WEI-4d77710c-56,-0.958466410636902,0,12.695555001554801
LON-WEI-4d77710c-58,17.5676245689392,0,12.760719870679463
LON-WEI-4d77710c-61,94.37699508666992,1,10.999678646427196
LON-WEI-4d77710c-62,30.864749908447298,0,9.210648148148149
LON-WEI-4d77710c-63,3.15654939413071,0,12.145920099521293
LON-WEI-4d77710c-64,81.2673072814941,1,14.06138431614723
LON-WEI-4d77710c-65,69.8785934448242,1,10.646602478616472
LON-WEI-4d77710c-66,77.0372695922852,1,12.733794879062733
LON-WEI-4d77710c-67,71.2034072875977,1,10.587838306280872
LON-WEI-4d77710c-69,76.34930419921879,1,12.78558349252662
LON-WEI-4d77710c-70,68.952075958252,1,12.19119520030234
LON-WEI-4d77710c-71,37.4802980422974,0,10.634340425236058
LON-WEI-4d77710c-73,97.7358856201172,1,9.481501865122826
LON-WEI-4d77710c-74,80.7028732299805,1,12.538324713482888
LON-WEI-4d77710c-75,94.905216217041,1,12.475490835222976
LON-WEI-4d77710c-76,96.65601348876949,1,5.772254818594106
MAT-POS-02ae579f-1,0.0077025,0,13.750736055128868
MAT-POS-02ae579f-2,2.287651,0,11.889834971025447
LOR-NOR-f9b26152-1,3.0164465,0,13.428796296296294
MAT-POS-2492181e-1,-3.21618747711182,0,12.165979203409758
MAT-POS-2492181e-4,-1.58253458142281,0,12.680032321054735
MAT-POS-2492181e-5,8.355697154998781,0,12.105273679377596
MAT-POS-2492181e-6,-1.6144834756851203,0,12.71339316270234
MAT-POS-b5746674-34,12.5111818313599,0,12.41825593663391
MAT-POS-b5746674-36,-2.87965911626816,0,12.718076499118164
MAT-POS-b5746674-37,0.16826409101486198,0,13.096755007558578
MAT-POS-b5746674-38,0.922257423400879,0,13.051803350970015
MAT-POS-b5746674-42,22.308838844299306,0,12.979626322751322
MAT-POS-b5746674-78,7.56123530864716,0,13.70559377735306
MAT-POS-b5746674-97,1.91693288087845,0,12.423645474795366
MAT-POS-b5746674-98,1.3908412456512498,0,12.343905546046601
MAT-POS-b5746674-100,3.7720979452133196,0,12.667690534223272
MAT-POS-b5746674-101,0.973375886678696,0,12.981149848828421
MAT-POS-b5746674-102,-3.2545260190963705,0,12.798601106785634
MAT-POS-b5746674-107,3.4334397315979,0,13.022039749171784
MAT-POS-b5746674-108,0.9265176057815552,0,12.809929924568387
MAT-POS-b5746674-109,-1.81469655036926,0,12.667945856656413
MAT-POS-ea426761-10,32.4664525985718,0,12.222891648678534
MAT-POS-ea426761-13,90.432373046875,1,11.74307854623331
MAT-POS-ea426761-45,42.1874332427979,0,12.361436820838426
LON-WEI-2e27a2e5-2,-6.337255,0,13.922966780752448
MAT-POS-af71705c-1,-0.72719225,0,12.081903546172574
MAT-POS-af71705c-2,5.448779,0,12.761459264855418
JOH-UNI-591f77bd-1,1.772847275,0,12.296903817082386
EDJ-MED-0e996074-1,2.1527435,0,12.575650982615269
MAT-POS-3d050446-1,14.209620000000001,0,12.734523951377303
LOR-NOR-30067bb9-1,37.262335,0,11.403468285462331
LOR-NOR-30067bb9-2,0.0383509,0,12.191162131519274
LOR-NOR-30067bb9-3,3.4707574999999995,0,11.984811261970355
LOR-NOR-30067bb9-4,-0.70654175,0,12.272082860922149
LOR-NOR-30067bb9-5,5.6538095,0,12.063684369983072
LOR-NOR-30067bb9-6,3.6403865,0,12.267341348576467
LOR-NOR-30067bb9-7,0.559038305,0,12.41284667107584
LOR-NOR-30067bb9-8,-1.4204584999999998,0,12.12545493197279
LOR-NOR-30067bb9-9,-0.84077,0,12.648876921138823
LOR-NOR-30067bb9-10,-0.39088455,0,14.005588033824642
LOR-NOR-30067bb9-11,-2.3821817000000003,0,12.163843458679766
LOR-NOR-30067bb9-12,1.27590535,0,11.991120086923658
LOR-NOR-30067bb9-13,-2.9249945,0,11.833192449819435
LOR-NOR-30067bb9-15,-5.3750269999999984,0,11.433055555555557
LOR-NOR-30067bb9-16,-1.219854,0,11.81315617913832
LOR-NOR-30067bb9-17,-2.0886498,0,12.318599300831444
LOR-NOR-30067bb9-18,-2.395457,0,11.874694822373394
MAT-POS-c9973a83-1,48.298705,0,12.022221749811035
JAG-UCB-47403a7c-1,-2.4054615000000004,0,12.577945011337867
COM-UCB-8c7d23dc-1,-3.69242,0,13.342105689357671
COM-UCB-8c7d23dc-6,-5.3573265,0,12.580383361678006
COM-UCB-8c7d23dc-7,-2.9704775000000003,0,12.450006684032656
COM-UCB-8c7d23dc-12,-4.980233999999999,0,12.557416855631141
COM-UCB-8c7d23dc-13,-3.070475,0,14.15864662068531
COM-UCB-8c7d23dc-15,9.0147005,0,12.585725938523558
COM-UCB-8c7d23dc-16,-5.2087325,0,12.783816220856266
COM-UCB-8c7d23dc-18,6.1040345,0,12.757389928193495
JAG-UCB-119787ef-1,19.45136,0,12.6438671579743
MAT-POS-968e8d9c-1,-7.609566,0,12.6438671579743
BRU-THA-a358fbdd-2,0.0309759999999999,0,12.897410241874528
BRU-THA-a358fbdd-7,3.561115,0,13.7804537320744
LON-WEI-0a73fcb8-1,-4.9626175,0,13.128370181405895
LON-WEI-0a73fcb8-2,2.5409040000000003,0,12.984662698412697
LON-WEI-0a73fcb8-3,7.5793695,0,13.200061251707456
LON-WEI-0a73fcb8-4,0.2817205,0,12.681842403628115
LON-WEI-0a73fcb8-5,9.8818955,0,12.811785714285715
LON-WEI-0a73fcb8-6,6.853396000000001,0,12.669199735449734
LON-WEI-0a73fcb8-7,84.22906,1,12.590530045351471
LON-WEI-1908424e-1,4.0908545,0,11.676234410430839
LON-WEI-1908424e-2,-3.350746,0,12.870229710195575
LON-WEI-1908424e-3,5.9733985,0,13.615977702452273
LON-WEI-1908424e-4,3.823635,0,12.797569733140168
LON-WEI-1908424e-5,-11.867232000000001,0,12.259874100153473
LON-WEI-1908424e-6,2.418483,0,12.441922871000251
LON-WEI-1908424e-7,-4.2364735,0,14.399143789945555
LON-WEI-1908424e-8,-0.67555405,0,13.186358348380507
LON-WEI-1908424e-9,-22.3142995,0,12.306145282186947
LON-WEI-1908424e-10,-4.0623309999999995,0,12.853349404985366
LON-WEI-1908424e-11,0.8376869,0,12.599169151319364
LON-WEI-1908424e-12,-3.0009605,0,12.30392701798095
LON-WEI-1908424e-13,-1.7534375,0,11.653822961283279
LON-WEI-1908424e-14,-1.3315919,0,5.864234821040792
LON-WEI-1908424e-15,4.3760885,0,12.542814625850339
LON-WEI-1908424e-16,-1.9215755,0,12.364822373393805
LON-WEI-1908424e-17,-5.0141114,0,12.299581212037921
LON-WEI-1908424e-18,-23.4267099,0,12.192943309095908
NAU-LAT-8502cac5-1,-2.1181502,0,12.96187074829932
NAU-LAT-8502cac5-2,25.475325,0,12.466644935752079
NAU-LAT-8502cac5-5,-5.0222125,0,12.863428760393047
NAU-LAT-8502cac5-6,19.9646,0,12.654955908289242
NAU-LAT-8502cac5-7,-4.737055000000002,0,12.823912509448226
NAU-LAT-8502cac5-8,74.639425,1,12.647410241874528
NAU-LAT-8502cac5-9,-1.11070135,0,12.51307350718065
ADA-UCB-6c2cb422-1,84.803335,1,12.154874811035526
ADA-UCB-6c2cb422-3,2.763474,0,12.260582246787605
IAN-BAS-5394d4c4-1,8.0781235,0,12.4324844805702
IAN-BAS-36ca50f1-1,-0.595988693,0,12.370940564131018
JAG-UCB-c37fbdcd-1,4.68913625,0,12.978048075711765
JAN-GHE-c863d918-1,15.3691825,0,11.362383523219217
VLA-UCB-00f2c2b3-1,-2.3296125,0,12.0617330404384
VLA-UCB-00f2c2b3-2,0.2476566000000001,0,12.0461080404384
LON-WEI-ff7b210a-1,-3.7155339999999994,0,13.339549240992694
LON-WEI-ff7b210a-2,10.951480499999999,0,13.065774098349163
LON-WEI-ff7b210a-3,4.82409,0,12.199915989543966
LON-WEI-ff7b210a-4,94.71566,1,12.638094923154448
LON-WEI-ff7b210a-5,98.471745,1,11.352920445956162
LON-WEI-ff7b210a-6,-22.917935,0,12.497877543298713
LON-WEI-ff7b210a-7,-6.968714500000001,0,4.679728363567649
LON-WEI-ff7b210a-8,-3.3372365,0,6.188479072184429
LON-WEI-ff7b210a-9,-1.4381795,0,13.304355320397269
LON-WEI-ff7b210a-10,-3.5939468,0,12.527339274109936
LON-WEI-ff7b210a-11,2.8643490000000003,0,11.946264487276393
ALP-POS-d2866bdf-1,90.45515999999999,1,13.230068657092467
ROD-LAS-d5538ff9-1,-5.8246044999999995,0,13.019739002146109
ROD-LAS-d5538ff9-3,2.160745,0,11.673499858276644
ROD-LAS-d5538ff9-4,17.760345,0,12.45891156462585
ROD-LAS-d5538ff9-5,-13.38719335,0,12.56054650100781
ROD-LAS-d5538ff9-6,-60.557115,0,12.271953126572535
ROD-LAS-d5538ff9-7,-19.770775,0,11.758981324011085
ROD-LAS-d5538ff9-8,-17.11682,0,13.336949798437894
ROD-LAS-d5538ff9-9,9.05632,0,11.894877330561854
LON-WEI-babf2c61-1,57.862984999999995,1,13.503478499985778
LON-WEI-babf2c61-2,78.2,1,13.53232662509448
LON-WEI-babf2c61-3,87.0571,1,13.537747543461828
LON-WEI-babf2c61-4,23.517565,0,13.492301642655075
LON-WEI-babf2c61-5,68.21132,1,13.433165999985778
LON-WEI-babf2c61-6,62.97554,1,13.445657781708329
LON-WEI-babf2c61-7,93.22245500000001,1,13.452903283459325
LON-WEI-babf2c61-8,44.94313,0,13.421989142655075
LON-WEI-babf2c61-9,72.70916,1,13.407840008313633
LON-WEI-babf2c61-10,31.336695000000002,0,13.446118061152124
LON-WEI-babf2c61-11,40.20597,0,13.471444052824273
LON-WEI-babf2c61-13,24.810845,0,13.483935834546822
JAG-UCB-4709a583-1,5.2930975,0,12.645693499622071
DAR-DIA-8e329c92-9,4.424129499999999,0,12.6007955404384
JAG-UCB-ef2c0e8e-2,5.827566,0,11.73044217687075
JAG-UCB-ef2c0e8e-3,-5.834,0,12.074529006046864
JAG-UCB-ef2c0e8e-5,-6.15504854,0,11.936807917611489
JAG-UCB-ef2c0e8e-6,-2.697712,0,12.223646620685313
JAG-UCB-ef2c0e8e-7,14.787429999999999,0,12.547007998064544
JAG-UCB-ef2c0e8e-8,0.1381135,0,12.352577947845806
JAG-UCB-ef2c0e8e-9,-9.381194,0,11.920470521541949
JAG-UCB-ef2c0e8e-10,-3.6779550000000003,0,11.879979213907786
BEN-BAS-bb561ced-1,-1.08354085,0,14.54368109130194
ERI-BAS-37e2bb46-1,2.501051,0,12.824584379665547
ERI-BAS-bd3ef700-1,2.9529215,0,12.335484151624124
ERI-BAS-962ecb40-1,-32.819765000000004,0,13.1192665425211
ALP-POS-c59291d4-1,39.13758,0,13.376599304475386
ALP-POS-c59291d4-2,89.29024,1,13.260965302417775
ALP-POS-c59291d4-3,70.195875,1,13.312218745943944
ALP-POS-c59291d4-4,82.620135,1,13.160527762030735
ALP-POS-c59291d4-5,100.014065,1,12.130349584278154
ALP-POS-c59291d4-6,86.64098,1,13.604846584467122
ALP-POS-c0c213c9-9,1.8938721,0,13.766640779019546
ALP-POS-c0c213c9-12,-1.293421555,0,13.106030999023426
ALP-POS-c0c213c9-14,16.09721,0,13.130385522666366
MAT-POS-c79fcd02-1,0.116292,0,12.385693345769694
IAN-BAS-9ef79f6c-1,-12.01559,0,12.971286403404338
ERI-BAS-50567787-1,-6.6459494999999995,0,12.999407741467238
ALP-POS-91609ae9-1,2.3910315,0,12.416899565381708
ALP-POS-91609ae9-2,35.63832,0,12.489095804988661
ALP-POS-91609ae9-3,84.14674000000002,1,12.709056594860167
IAN-BAS-647c7407-1,-3.763586,0,12.861061251342184
EDJ-MED-6af13d92-1,96.43631500000001,1,12.553407501889644
EDJ-MED-6af13d92-2,12.47232,0,14.091215423712613
EDJ-MED-6af13d92-3,90.90139,1,12.613781651549509
BEN-BAS-baaab58b-1,3.0230794999999997,0,12.362976741622575
MAT-POS-ee51dedd-1,85.20008,1,11.454769640332414
MAT-POS-ee51dedd-2,73.74619,1,12.197483369376554
MAT-POS-ee51dedd-3,52.54101,1,13.083981459203526
LOR-NEU-c8f11034-1,-4.451432,0,11.115879629629626
LOR-NEU-c8f11034-2,-1.150091,0,12.13206002771479
LOR-NEU-c8f11034-3,-1.049148,0,11.115879629629626
LOR-NEU-c8f11034-4,-4.6235315,0,11.080484693877551
LOR-NEU-c8f11034-5,0.43852394,0,12.0006711388259
LOR-NEU-c8f11034-6,-3.208671,0,11.228030045351474
LOR-NEU-c8f11034-7,-4.2164485,0,11.758864323507181
LOR-NEU-c8f11034-8,-10.713224499999999,0,12.747416383219953
LOR-NEU-c8f11034-9,-0.16382595,0,12.038987622826907
BEN-BAS-0534ec5c-1,3.734322,0,12.581485436027286
BEN-BAS-f6e16b09-1,-4.269039,0,11.976544176659859
ANN-UNI-98d2bf15-2,-5.830779,0,11.9601705404384
ANN-UNI-98d2bf15-5,-22.530473999999998,0,12.159053435780251
EDJ-MED-c9f55a56-1,0.40377305,0,11.756674225245655
ALP-POS-90c18d1d-1,34.48807,0,12.640457923910306
NAU-LAT-445f63e5-1,-32.510659999999994,0,11.83438633786848
NAU-LAT-445f63e5-2,-13.82874,0,12.693065936672086
NAU-LAT-445f63e5-3,-1.330481665,0,11.903543556311414
NAU-LAT-445f63e5-5,1.3766287,0,12.379057539682544
NAU-LAT-445f63e5-6,-1.3246276000000001,0,12.38527478584026
NAU-LAT-445f63e5-7,3.0626145,0,12.703882117661882
BAR-COM-0f94fc3d-3,21.59331,0,13.508865981802876
BAR-COM-0f94fc3d-4,-2.516063,0,12.127581928636673
BAR-COM-0f94fc3d-5,-19.371505,0,12.402876790217155
BAR-COM-0f94fc3d-7,-6.8627009999999995,0,12.137238441672967
BAR-COM-0f94fc3d-13,-10.9822,0,13.340083064115353
BAR-COM-0f94fc3d-18,7.8169085,0,13.309221591082613
BAR-COM-0f94fc3d-20,-0.417342,0,12.634166981607455
BAR-COM-0f94fc3d-23,-3.6967449999999995,0,12.032579365079364
BAR-COM-0f94fc3d-25,22.602535,0,12.792020030234315
BAR-COM-0f94fc3d-28,22.162670000000002,0,12.159425705467369
BAR-COM-0f94fc3d-33,-9.742989999999999,0,12.19987548126076
BAR-COM-0f94fc3d-38,14.951379999999999,0,12.497436696900985
BAR-COM-0f94fc3d-40,-10.369000999999999,0,12.59074499244142
BAR-COM-0f94fc3d-41,27.01315,0,12.167948318216176
BAR-COM-0f94fc3d-43,7.303486,0,13.042308673469385
BAR-COM-0f94fc3d-45,30.776455,0,13.641196470910575
BAR-COM-0f94fc3d-46,-2.8733560000000002,0,13.241373068536667
BAR-COM-0f94fc3d-48,49.274905,0,12.266599111866968
BAR-COM-0f94fc3d-49,11.601515,0,12.269946302595113
BAR-COM-0f94fc3d-50,-24.073465,0,12.674607426303856
BAR-COM-0f94fc3d-51,-2.8605495,0,12.574800327538426
BAR-COM-0f94fc3d-53,-2.760764,0,12.132920997102545
BAR-COM-0f94fc3d-55,6.1158345,0,12.782318594104307
BAR-COM-0f94fc3d-58,2.2922635,0,12.309801587301589
BAR-COM-0f94fc3d-59,-1.014832,0,13.263395736291661
ERI-UCB-5b47150d-2,4.9900915,0,11.799864890400606
ERI-UCB-5b47150d-4,-8.02258,0,11.749355631141345
ERI-UCB-5b47150d-5,1.67086995,0,12.350720742000506
ERI-UCB-5b47150d-6,3.5664644999999995,0,12.214382873519778
MAT-POS-590ac91e-1,8.9727605,0,11.431809334845047
MAT-POS-590ac91e-2,0.254632,0,11.431809334845047
MAT-POS-590ac91e-3,-2.19780215,0,12.111485260770975
MAT-POS-590ac91e-4,12.24261745,0,12.062735260770975
MAT-POS-590ac91e-5,2.12211095,0,11.889031557067273
MAT-POS-590ac91e-7,1.3923502,0,11.608429705215421
MAT-POS-590ac91e-8,-3.4532665000000002,0,11.793294595616025
MAT-POS-590ac91e-9,13.8431555,0,11.76030470521542
MAT-POS-590ac91e-10,22.007765,0,11.547688019652306
MAT-POS-590ac91e-11,29.180818,0,11.740651927437645
MAT-POS-590ac91e-12,1.3631175,0,11.656392668178382
MAT-POS-590ac91e-13,-7.9148855,0,11.646531557067272
MAT-POS-590ac91e-17,-26.3187575,0,11.686686507936509
MAT-POS-590ac91e-18,35.208985,0,11.996623204837489
MAT-POS-590ac91e-19,-3.5128800000000004,0,12.154448223733935
MAT-POS-590ac91e-20,15.574088,0,12.146392668178382
MAT-POS-590ac91e-21,5.745891,0,12.143614890400606
MAT-POS-590ac91e-22,3.788563,0,12.216462112622828
MAT-POS-590ac91e-23,12.287035000000001,0,11.903267195767196
MAT-POS-590ac91e-24,14.486355,0,11.860419501133787
MAT-POS-590ac91e-25,23.568185,0,12.01363803854875
MAT-POS-590ac91e-27,-6.2120940000000004,0,12.078568594104306
MAT-POS-590ac91e-28,-10.787847,0,12.098892668178385
MAT-POS-590ac91e-29,9.6591175,0,12.282735260770972
MAT-POS-590ac91e-30,18.624712,0,13.537731816337411
MAT-POS-590ac91e-31,-2.4990509999999997,0,13.360280141570206
MAT-POS-590ac91e-32,51.684445000000004,1,13.323270316979213
MAT-POS-590ac91e-33,1.6693175,0,13.641685897970063
MAT-POS-590ac91e-34,15.339091,0,13.442166715644278
MAT-POS-590ac91e-35,18.97004,0,13.620379571318841
MAT-POS-590ac91e-36,-0.1748125,0,13.42705728304612
MAT-POS-590ac91e-37,7.5661845,0,13.405156891053286
MAT-POS-590ac91e-38,59.04525,1,13.374523760505385
MAT-POS-590ac91e-39,46.101820000000004,0,13.552781197525654
MAT-POS-590ac91e-40,78.43533000000002,1,13.385327930147936
MAT-POS-590ac91e-41,59.26865,1,13.56740182509767
MAT-POS-590ac91e-42,34.068405,0,12.469401455026453
MAT-POS-590ac91e-43,4.4261989999999996,0,12.83745701058201
MAT-POS-590ac91e-44,-1.1298768,0,13.400768613000755
MAT-POS-590ac91e-45,4.5681835,0,13.294313149272563
MAT-POS-590ac91e-46,69.856065,1,13.404068219473546
MAT-POS-590ac91e-47,23.66992,0,13.583019100196402
MAT-POS-590ac91e-48,18.243560000000002,0,13.714012379813385
MAT-POS-590ac91e-49,21.397354999999997,0,13.503656119448348
MAT-POS-590ac91e-50,8.3322585,0,13.562926332009955
MAT-POS-590ac91e-51,2.6866695,0,13.206370149911814
MAT-POS-590ac91e-52,-7.354532499999999,0,13.24945405013857
MAT-POS-590ac91e-53,28.766709999999996,0,12.618661309463075
MAT-POS-590ac91e-54,5.27447,0,13.248151455026456
MAT-POS-590ac91e-55,-15.638570000000001,0,13.365259038800705
MAT-POS-590ac91e-56,11.888695,0,13.676197096631244
MAT-POS-590ac91e-57,30.656515000000002,0,13.470744435380947
MAT-POS-590ac91e-58,23.924970000000002,0,13.065667237204034
MAT-POS-590ac91e-59,10.3927565,0,13.70608336833764
MAT-POS-590ac91e-60,39.941665,0,13.497250500088965
MAT-POS-590ac91e-61,52.395498499999995,1,13.504702060097499
MAT-POS-590ac91e-62,29.870034999999998,0,13.715119596597702
MAT-POS-590ac91e-63,48.12226,0,13.521175111327794
MAT-POS-590ac91e-64,20.615,0,13.73370070959846
MAT-POS-590ac91e-65,-3.2670605,0,13.506135971488852
MAT-POS-590ac91e-66,-0.53303525,0,13.103144280362894
MAT-POS-590ac91e-67,11.35709,0,13.692869550334947
MAT-POS-590ac91e-68,35.123015,0,13.698010753060286
MAT-POS-590ac91e-69,25.74188,0,13.695181727520636
MAT-POS-590ac91e-70,4.4204675,0,13.971553265575562
JAG-UCB-a3ef7265-1,-0.0148933,0,12.17053476946334
JAG-UCB-a3ef7265-2,-1.132041,0,13.574938429075337
JAG-UCB-a3ef7265-3,73.050635,1,12.413307823129252
JAG-UCB-a3ef7265-4,-10.7713325,0,13.639053655412784
JAG-UCB-a3ef7265-6,-9.3826935,0,12.243738189720332
JAG-UCB-a3ef7265-8,2.1942744999999997,0,12.169585537918868
JAG-UCB-a3ef7265-9,-6.85461825,0,11.965503905265805
JAG-UCB-a3ef7265-10,-14.8216535,0,13.567583748005376
JAG-UCB-a3ef7265-11,5.133212,0,11.835610827664402
JAG-UCB-a3ef7265-12,2.7217314999999997,0,11.894918745275886
JAG-UCB-a3ef7265-13,-5.2768265,0,12.01779289493575
JAG-UCB-a3ef7265-14,-3.38227345,0,11.743618669690099
JAG-UCB-a3ef7265-15,0.8736905,0,11.81933484504913
JAG-UCB-a3ef7265-16,11.437880499999999,0,12.42677059712774
JAG-UCB-a3ef7265-17,-25.994642499999998,0,11.70803476946334
JAG-UCB-a3ef7265-18,-11.527954,0,11.862418745275885
JAG-UCB-a3ef7265-19,-6.892272,0,12.329349017384732
JAG-UCB-a3ef7265-20,54.64775,1,12.6438671579743
JAG-UCB-a3ef7265-21,-6.9362449999999995,0,12.644327702053173
JAG-UCB-a3ef7265-22,4.8820024,0,11.946860355253214
JAG-UCB-a3ef7265-23,10.079430499999999,0,12.579557526191275
JAG-UCB-a3ef7265-24,-9.39733,0,12.819168083900227
JAG-UCB-cedd89ab-3,-0.8211735000000001,0,11.64402872260015
JAG-UCB-cedd89ab-4,19.91861,0,12.563462616528092
RAL-MED-2de63afb-1,71.7735,1,11.98899014235324
RAL-MED-2de63afb-2,72.72272,1,12.072512440161251
RAL-MED-2de63afb-3,10.797005,0,12.033372438481564
RAL-MED-2de63afb-5,25.118570000000002,0,12.11436166750651
RAL-MED-2de63afb-6,-0.807546,0,12.016767920131016
RAL-MED-2de63afb-9,2.1948,0,11.098060437137818
RAL-MED-2de63afb-10,4.683994,0,11.360560437137813
RAL-MED-2de63afb-11,-6.233658999999999,0,11.216115992693377
RAL-MED-2de63afb-12,6.2182875,0,11.92285302238179
RAL-MED-2de63afb-14,87.837815,1,13.615400898804578
EDJ-MED-49816e9b-1,67.38705999999999,1,11.863408919123206
EDJ-MED-49816e9b-2,13.252904999999998,0,12.015631141345427
EDJ-MED-49816e9b-3,5.0604005,0,11.900256991685565
EDJ-MED-49816e9b-5,-12.346949,0,11.872479213907786
BEN-DND-7e92b6ca-1,1.7068998,0,11.787200018896446
BEN-DND-7e92b6ca-2,12.50561,0,12.769240835222973
BEN-DND-7e92b6ca-3,19.200235,0,12.446474552784078
BEN-DND-7e92b6ca-4,61.57364000000001,1,12.330544847568655
BEN-DND-7e92b6ca-5,54.620135,1,12.302767069790876
BEN-DND-7e92b6ca-7,40.74937,0,12.997451061845002
BEN-DND-7e92b6ca-8,5.5605595,0,13.301527447220087
BEN-DND-7e92b6ca-10,87.782555,1,12.985546299940241
BEN-DND-7e92b6ca-11,81.71604,1,13.030720467403366
BEN-DND-7e92b6ca-12,90.769485,1,13.044176832400133
BEN-DND-7e92b6ca-13,62.804894999999995,1,13.062157501889644
BEN-DND-7e92b6ca-14,78.525565,1,13.070267475961154
BEN-DND-7e92b6ca-16,75.578355,1,13.95333559375108
AAR-POS-90191df4-1,-5.2137739000000005,0,12.298327542066719
BEN-DND-93268d01-4,-28.617963899999996,0,11.771330782312925
BEN-DND-93268d01-5,5.917838,0,12.731234085818045
BEN-DND-93268d01-7,4.1268839999999996,0,13.389341175532556
BEN-DND-93268d01-10,-7.758153,0,11.811524943310655
BEN-DND-93268d01-13,12.2196925,0,12.214733560090703
BEN-DND-93268d01-14,-127.91988,0,12.130127078609224
BEN-DND-93268d01-15,0.7404675000000001,0,12.015100151171579
MAK-UNK-d4768348-1,73.74619,1,12.226372258265446
EDJ-MED-e58735b6-2,6.0491525,0,11.932321900982616
EDJ-MED-e58735b6-3,6.2286075,0,11.975476662887376
NAU-LAT-64f4b287-3,16.969720000000002,0,11.502299186134104
NAU-LAT-64f4b287-4,97.518465,1,12.27758558515999
NAU-LAT-64f4b287-5,41.884345,0,12.07131708238851
NAU-LAT-64f4b287-6,-4.9045214999999995,0,12.044850245653816
NAU-LAT-64f4b287-7,-33.890285,0,12.805275310090876
NAU-LAT-64f4b287-9,7.287681,0,11.64688633786848
AAR-POS-ac4b8cb8-1,-2.946917,0,12.171141030486266
BRU-LEF-c49414a7-1,16.656155,0,12.14121236457546
MAT-POS-2db6411e-1,-27.06263,0,11.589605745441434
MAT-POS-2db6411e-2,89.51881,1,11.446108024170794
EDG-MED-0da5ad92-2,40.890465,0,11.711186696900985
EDG-MED-0da5ad92-3,33.756335,0,12.120353363567649
EDG-MED-0da5ad92-9,16.688875,0,11.86623015873016
EDG-MED-0da5ad92-12,42.669205,0,11.822486772486773
EDG-MED-0da5ad92-13,3.352639,0,11.796114417989418
EDG-MED-0da5ad92-14,-3.8985492999999996,0,11.863408919123206
EDG-MED-0da5ad92-16,-2.6476915,0,11.8430007558579
EDG-MED-0da5ad92-18,20.0662,0,11.960075585789873
EDG-MED-0da5ad92-21,6.925367999999999,0,11.747479213907786
BEN-DND-61647d40-8,-8.484955000000001,0,11.800802626606199
BEN-DND-61647d40-14,-9.780521499999999,0,12.059222883597885
BEN-DND-61647d40-18,23.34414,0,11.752297808012091
JAN-GHE-5a013bed-1,70.405075,1,11.81183484504913
JAN-GHE-5a013bed-2,87.70723000000002,1,12.032000661375664
JAN-GHE-5a013bed-3,87.0438,1,12.257619257579574
JAN-GHE-5a013bed-4,0.786645235,0,11.587756991685565
JAN-GHE-5a013bed-5,-21.628234,0,11.560534769463342
JAN-GHE-5a013bed-6,3.342711,0,11.58803476946334
JAN-GHE-5a013bed-7,-3.049,0,11.575812547241117
JAN-GHE-5a013bed-8,13.314420000000002,0,11.671186696900984
JAN-GHE-5a013bed-11,49.13381500000001,0,11.521368102796671
TRY-UNI-2eddb1ff-1,42.149045,0,11.884135959939533
TRY-UNI-2eddb1ff-2,46.01123,0,11.835631141345427
TRY-UNI-2eddb1ff-3,-5.64141,0,12.166649659863946
TRY-UNI-2eddb1ff-7,97.00562,1,12.209428539934493
ALP-POS-95b75b4d-1,65.25146,1,12.96688747182885
ALP-POS-95b75b4d-2,6.459908,0,11.824860166288733
ALP-POS-95b75b4d-4,19.832635,0,12.091973261526833
ALP-POS-95b75b4d-6,-2.059689,0,11.752297808012091
JAN-GHE-83b26c96-1,1.1459735,0,12.40526927437642
JAN-GHE-83b26c96-2,44.615305,0,12.367507086167803
JAN-GHE-83b26c96-3,38.868179999999995,0,12.53435090702948
JAN-GHE-83b26c96-6,18.962065,0,12.389249811035526
JAN-GHE-83b26c96-7,20.623595,0,12.608316326530614
JAN-GHE-83b26c96-8,90.64927,1,12.584566326530615
JAN-GHE-83b26c96-9,42.4666,0,12.636094104308393
JAN-GHE-83b26c96-10,38.98899,0,12.594427437641725
JAN-GHE-83b26c96-11,3.26725005,0,11.88012046485261
JAN-GHE-83b26c96-12,77.679955,1,11.891186696900986
JAN-GHE-83b26c96-13,39.673875,0,11.904043839758124
JAN-GHE-83b26c96-14,49.125045,0,12.59625862811965
JAN-GHE-83b26c96-15,15.100114999999999,0,12.23146447467876
JAN-GHE-83b26c96-16,3.24693005,0,12.469381141345425
JAN-GHE-83b26c96-17,9.7716375,0,12.050908919123206
JAN-GHE-83b26c96-18,33.925115000000005,0,12.399844104308391
JAN-GHE-83b26c96-20,61.618515,1,12.578686696900986
JAN-GHE-83b26c96-21,3.0520025,0,12.108491433610482
JAN-GHE-83b26c96-22,67.95416,1,12.516186696900986
JAN-GHE-83b26c96-23,35.264575,0,14.055796800201565
JAN-GHE-83b26c96-24,13.760313,0,5.943920737240242
JAN-GHE-83b26c96-25,5.2507035,0,5.9476055444964775
JAN-GHE-d851b096-6,7.0225965,0,11.477404100529098
MAT-POS-4e253971-1,5.54785,0,8.74857888071088
MAT-POS-4e253971-2,37.9037,0,11.62321452690861
MAT-POS-4e253971-3,22.15177000000001,0,11.674557350718064
AAR-POS-5507155c-1,5.047082,0,11.296847915091965
LON-WEI-d1c9908a-1,-13.512979999999999,0,13.263580719324768
LON-WEI-d1c9908a-2,-9.807806,0,13.469299256739733
LON-WEI-d1c9908a-3,22.44898,0,13.682798485134795
LON-WEI-d1c9908a-4,6.082821,0,13.692798485134794
LON-WEI-d1c9908a-5,12.60155,0,13.540576262912571
LON-WEI-d1c9908a-6,21.022389999999998,0,13.616986803980849
LON-WEI-d1c9908a-7,12.04676,0,13.530576262912572
LON-WEI-d1c9908a-8,20.94313,0,13.837731796422274
LON-WEI-d1c9908a-9,-14.820689999999999,0,14.055002319507327
LON-WEI-d1c9908a-10,-3.744799,0,13.827731796422274
LON-WEI-d1c9908a-11,47.05766,0,13.490566617850845
LON-WEI-d1c9908a-12,-11.47216,0,13.585068849700885
LON-WEI-d1c9908a-13,34.65425,0,14.060104360323653
AAR-POS-8a4e0f60-1,15.5720445,0,12.87365655368361
AAR-POS-8a4e0f60-2,-15.769589999999999,0,12.880600998128052
AAR-POS-8a4e0f60-4,1.313917,0,12.199074955558679
AAR-POS-8a4e0f60-6,17.34965,0,12.308196873049312
AAR-POS-8a4e0f60-7,59.367865,1,12.647573095386086
AAR-POS-8a4e0f60-8,10.18225,0,12.57302465224647
AAR-POS-8a4e0f60-9,-11.94555,0,12.628430656327936
AAR-POS-8a4e0f60-10,-19.27192,0,14.259404866105976
LON-WEI-adc59df6-1,4.242857,0,13.471039225875534
LON-WEI-adc59df6-2,46.30419000000001,0,13.225198333963213
LON-WEI-adc59df6-3,69.70666999999999,1,12.636878424981106
LON-WEI-adc59df6-4,18.070079999999997,0,13.703374433106575
LON-WEI-adc59df6-6,22.161189999999998,0,13.623817003653311
LON-WEI-adc59df6-7,30.89273,0,13.292165769085411
LON-WEI-adc59df6-8,17.809070000000006,0,13.50617283950617
LON-WEI-adc59df6-10,75.64303000000002,1,13.194300673973293
LON-WEI-adc59df6-14,11.98804,0,13.241150163769213
LON-WEI-adc59df6-16,13.863864999999999,0,13.550757590073069
LON-WEI-adc59df6-17,68.91759,1,13.103515054169815
LON-WEI-adc59df6-18,44.234359999999995,0,13.619954018644496
LON-WEI-adc59df6-19,41.25708,0,13.353851410934745
LON-WEI-adc59df6-21,0.4157878,0,13.048372385991435
LON-WEI-adc59df6-23,76.37749000000002,1,13.404136117409925
LON-WEI-adc59df6-26,52.70793000000001,1,13.05721875787352
LON-WEI-adc59df6-27,19.37814,0,13.160287068531115
LON-WEI-adc59df6-28,59.26645,1,13.390865299823634
LON-WEI-adc59df6-30,50.15858,1,12.837955719324768
LON-WEI-adc59df6-31,32.50125,0,13.207261274880324
LON-WEI-adc59df6-32,44.10689,0,13.339112181909801
LON-WEI-adc59df6-35,-12.77713,0,13.393927941546988
LON-WEI-adc59df6-37,13.399289999999999,0,13.502798485134795
LON-WEI-adc59df6-39,0.6676884,0,13.465356512975562
LON-WEI-adc59df6-40,66.59281999999999,1,13.41127346308894
LON-WEI-adc59df6-41,35.96716,0,13.398535367850846
LON-WEI-adc59df6-43,60.383215,1,13.635473198538675
LON-WEI-adc59df6-44,32.95042,0,13.088372385991436
LON-WEI-adc59df6-45,41.627340000000004,0,13.743172634794659
LON-WEI-adc59df6-47,83.42766999999998,1,13.478152508313633
LON-WEI-adc59df6-49,-23.5603,0,13.131539902998234
LON-WEI-adc59df6-52,-17.45702,0,13.697268833459306
LON-WEI-adc59df6-53,19.56934,0,13.3217968946838
LON-WEI-adc59df6-54,-13.848460000000001,0,13.349574672461575
LON-WEI-adc59df6-55,7.839269,0,13.5017968946838
LON-WEI-adc59df6-56,2.239791,0,13.405802941546991
LON-WEI-adc59df6-57,2.585775,0,13.481934445074327
LON-WEI-adc59df6-58,-6.8711210000000005,0,13.412393550012595
LON-WEI-adc59df6-59,28.62562,0,13.564615772234822
LON-WEI-adc59df6-60,-15.478229999999998,0,14.03786211059802
LON-WEI-adc59df6-61,-12.48577,0,13.405802941546991
LON-WEI-adc59df6-62,-6.4644379999999995,0,13.22946916729655
LON-WEI-adc59df6-66,-5.54325,0,13.4282610703929
LON-WEI-adc59df6-67,8.239882000000001,0,13.355217020450153
LON-WEI-adc59df6-68,10.522160000000001,0,13.233165076215672
LON-WEI-adc59df6-72,-4.3028025,0,13.030575003149409
LON-WEI-adc59df6-73,20.70864,0,13.233547020660115
LON-WEI-adc59df6-78,3.2985055,0,13.199628826660753
LON-WEI-adc59df6-83,4.282311,0,13.286932078029661
LON-WEI-adc59df6-87,-14.795370000000002,0,13.188826357524952
LON-WEI-adc59df6-89,13.44785,0,13.21484095490048
LON-WEI-adc59df6-92,6.34911,0,13.323558515998993
LON-WEI-adc59df6-93,1.3401265,0,13.046859410430839
LON-WEI-adc59df6-94,6.9378899999999994,0,13.346425225182667
LON-WEI-adc59df6-95,-17.25368,0,13.249776005520054
LON-WEI-adc59df6-96,-7.6254295,0,12.96533304988662
LON-WEI-adc59df6-99,15.54313,0,13.231023990614764
LON-WEI-adc59df6-101,-19.4267,0,13.165990173847316
LON-WEI-adc59df6-102,25.910954999999998,0,13.357150415721845
LON-WEI-adc59df6-103,3.6965660000000002,0,13.14153698979592
LON-WEI-adc59df6-104,-18.006339999999994,0,13.29097757621567
JOH-UNI-a5c0a47e-1,4.096634,0,12.294248472537165
JOH-UNI-a5c0a47e-2,-5.1341065000000015,0,12.30625952695893
JOH-UNI-c7afdb96-2,22.17159,0,12.805860182165404
JOH-UNI-c7afdb96-4,43.98549000000001,0,12.217816200554294
JOH-UNI-c7afdb96-5,31.82088,0,12.03663735967638
JOH-UNI-c7afdb96-6,-8.282147,0,12.191820830183925
JOH-UNI-c7afdb96-7,1.604914,0,11.986465419501133
JOH-UNI-c7afdb96-8,5.884684,0,11.874220521541949
JOH-UNI-c7afdb96-9,-9.470972,0,13.380201460813383
JOH-UNI-c7afdb96-10,21.7555,0,13.401034794146714
JOH-UNI-c7afdb96-11,21.51773,0,11.897114984882846
JOH-UNI-c7afdb96-12,21.577170000000002,0,11.938240583270344
JOH-UNI-c7afdb96-13,-0.2575788,0,11.923487339380195
JOH-UNI-c7afdb96-14,-16.20765,0,12.75534969663307
JOH-UNI-c7afdb96-16,-3.0009605,0,12.299845801778524
AAR-POS-dddeddbf-1,21.22053,0,11.576028901153359
AAR-POS-dddeddbf-2,9.609669,0,12.956948583356409
AAR-POS-dddeddbf-3,-22.07252,0,12.23332955404384
AAR-POS-dddeddbf-4,-8.71805,0,12.089914965986395
AAR-POS-dddeddbf-5,2.6352290000000003,0,13.02207805807508
NIC-BIO-a68395b7-5,-24.75303,0,12.40580215419501
LON-WEI-8f408cad-1,51.42713,1,11.581871378180905
LON-WEI-8f408cad-2,103.96275,1,13.632741481936105
LON-WEI-8f408cad-3,99.55991999999999,1,12.201233369376554
LON-WEI-8f408cad-4,103.54665,1,13.127883729325829
LON-WEI-8f408cad-5,98.99805500000001,1,11.368037079029143
LON-WEI-8f408cad-7,99.437475,1,11.367646132527087
LON-WEI-8f408cad-8,27.208785,0,13.253580719324765
LON-WEI-8f408cad-9,8.796061,0,13.279249181153945
LON-WEI-8f408cad-10,7.0507175,0,13.556244724741747
MAT-POS-bfefc3ea-3,11.49197,0,12.865835832037131
DRA-CSI-7ec17797-18,-70.993625,0,13.06056505190938
SWA-SYN-d2e6fa14-9,-1.915052,0,12.624242449294533
IND-SYN-6c8299e8-7,1.001533,0,13.268857470345356
MED-COV-4280ac29-5,29.89257000000001,0,12.974137596315774
MED-COV-4280ac29-10,15.19846,0,11.377513609259644
MED-COV-4280ac29-12,80.75489,1,11.61148726884387
MED-COV-4280ac29-13,93.8952,1,11.644926894694212
MED-COV-4280ac29-14,5.54785,0,12.241690759637187
MED-COV-4280ac29-15,108.2425,1,11.434510228027545
MED-COV-4280ac29-17,16.53906,0,12.871735205333977
MED-COV-4280ac29-22,-19.6786,0,12.542602355757117
MED-COV-4280ac29-25,51.63916500000001,1,11.576276222872682
MED-COV-4280ac29-26,0.985713,0,12.500575239355
MED-COV-4280ac29-30,99.56464,1,12.283218301209375
MED-COV-4280ac29-31,98.5734,1,11.58211718990218
MED-COV-4280ac29-33,99.86431,1,11.537189461187547
MED-COV-4280ac29-37,95.084965,1,11.592971354191661
LON-WEI-b8d98729-1,11.321835,0,13.66045382968002
LON-WEI-b8d98729-2,24.534565,0,13.720530150331733
LON-WEI-b8d98729-4,2.6341365000000003,0,12.043038391282439
LON-WEI-b8d98729-5,-0.25311465,0,14.227606378409954
LON-WEI-b8d98729-6,7.747043,0,13.14637907323423
LON-WEI-b8d98729-7,23.00163,0,13.073585066895852
LON-WEI-b8d98729-8,6.899891,0,13.658091992600019
LON-WEI-b8d98729-9,34.85545,0,13.45822196239607
LON-WEI-b8d98729-10,15.905629999999999,0,13.228874226789992
LON-WEI-b8d98729-11,12.105545,0,13.484967718568909
LON-WEI-b8d98729-12,30.56822,0,13.33846378005935
LON-WEI-b8d98729-13,8.125432,0,13.564414997480473
LON-WEI-b8d98729-14,3.4251834999999997,0,13.50623507968002
LON-WEI-b8d98729-15,43.080275,0,13.526107449924414
LON-WEI-b8d98729-16,11.734435000000001,0,13.632655265810028
LON-WEI-b8d98729-17,63.733785,1,13.582280311446073
LON-WEI-b8d98729-18,12.477995,0,13.756294826572606
LON-WEI-b8d98729-19,9.734811500000001,0,13.514040043116525
LON-WEI-b8d98729-20,4.7055155,0,13.770945412887375
LON-WEI-b8d98729-21,19.534229999999997,0,13.402512873204836
LON-WEI-b8d98729-22,26.09074,0,13.43459276420496
LON-WEI-b8d98729-23,16.13711,0,13.172701365268333
LON-WEI-b8d98729-24,32.28805,0,13.3520976106492
LON-WEI-b8d98729-25,15.369845000000002,0,13.508231607457798
LON-WEI-b8d98729-26,10.390333,0,13.611361515285127
LON-WEI-b8d98729-27,60.67628000000001,1,13.350576262912574
LON-WEI-b8d98729-28,12.22758,0,13.49068600228157
LON-WEI-b8d98729-29,7.068751,0,13.635619313569048
LON-WEI-b8d98729-30,7.00835,0,13.708466946963973
LON-WEI-b8d98729-31,0.77179215,0,13.231236063869991
LON-WEI-b8d98729-32,11.379195,0,13.1821437494751
LON-WEI-b8d98729-33,22.655935,0,13.505621570789321
LON-WEI-b8d98729-34,2.3849765,0,11.617422752311821
LON-WEI-b8d98729-35,18.359560000000002,0,13.526888931900432
LON-WEI-b8d98729-36,31.816609999999997,0,14.084220006582155
LON-WEI-b8d98729-37,25.435879999999997,0,13.502798485134795
LON-WEI-b8d98729-38,59.25836500000001,1,13.584642148526076
LON-WEI-b8d98729-39,38.632575,0,13.647731796422274
LON-WEI-b8d98729-40,22.24457,0,13.575596839044259
LON-WEI-b8d98729-41,22.04782,0,13.358746535651298
LON-WEI-b8d98729-42,13.24039,0,13.853400258251447
LON-WEI-b8d98729-43,23.43133,0,13.601919131078358
LON-WEI-b8d98729-44,25.263735,0,13.436954601284961
LON-WEI-b8d98729-45,3.935542,0,13.803025303887498
LON-WEI-b8d98729-46,21.050805,0,13.746852442365837
LON-WEI-b8d98729-47,27.04619000000001,0,13.423374616822038
LON-WEI-b8d98729-48,10.6954605,0,13.805387140967493
MAT-POS-916a2c5a-1,99.242285,1,12.224891266691866
MAT-POS-916a2c5a-2,92.667755,1,12.401185279667425
MAT-POS-916a2c5a-3,92.87661,1,13.476342857212265
MAT-POS-916a2c5a-4,54.07171999999999,1,12.963739292013102
REN-UFA-aaaed2d6-3,10.25509,0,12.819961104812293
REN-UFA-aaaed2d6-5,-2.8297705,0,12.80367283950617
REN-UFA-aaaed2d6-6,-0.8029685000000001,0,12.789429642227258
JOO-IND-6372a4f3-2,-16.87734,0,12.606476659763999
JOO-IND-6372a4f3-4,3.347547,0,11.59600607879107
JOO-IND-6372a4f3-6,29.471705,0,12.858632470345304
JOO-IND-b13e14cc-1,14.52348,0,11.706735323759133
JOO-IND-b13e14cc-2,16.18234,0,12.937645959656694
KUS-THE-322b9b63-5,2.2273706,0,11.694183811201755
KUS-THE-322b9b63-7,-0.405427745,0,11.750207728829212
KUS-THE-322b9b63-14,6.5100115,0,14.602604704798967
KUS-THE-322b9b63-16,3.8341885,0,13.568814838673456
JUA-UNI-bc099708-5,9.484211,0,12.70571160871756
WAR-XCH-72a8c209-5,7.357533,0,12.086687325220876
WAR-XCH-72a8c209-9,-0.8240940000000001,0,12.100576214109767
WAR-XCH-72a8c209-10,-8.668108,0,11.886129036491141
NEH-REV-107bcf72-5,74.50492,1,11.433014802390705
MIH-UNI-e573136b-5,102.5626,1,11.571868401362307
SER-UNI-985a0e14-4,46.58644,0,5.878469407059324
TIM-UNK-6bd61028-2,7.440460499999999,0,12.035929547745026
JAR-KUA-672ec752-1,7.8457765,0,12.756897990677752
JAR-KUA-672ec752-3,0.3211872,0,12.43936255983875
WAR-XCH-bdd24732-16,31.79157,0,12.0487015203745
WAR-XCH-79d12f6e-4,59.26949000000001,1,12.27050138573948
WAR-XCH-79d12f6e-6,101.1492,1,12.702761147154336
WAR-XCH-b0339bbe-3,18.13637,0,11.553947785419648
WAR-XCH-b0339bbe-19,71.485475,1,11.822941545870005
RAI-NOV-2f6a9876-1,-10.82869,0,13.224917013101535
RAI-NOV-2f6a9876-5,7.520213,0,12.969623842592592
RAI-NOV-2f6a9876-7,6.0471815000000015,0,14.658507002357108
JAR-IMP-ed466bb3-13,8.227742,0,13.092606135046609
SIM-SYN-f15aaa3a-1,108.1038,1,11.758815577960599
SIM-SYN-3099a863-1,2.60272495,0,12.7553319000963
MAK-UNK-0d6072ac-4,3.9667165,0,11.024956621460953
MAK-UNK-0d6072ac-20,1.8437938999999999,0,11.177178843683171
MAK-UNK-0d6072ac-21,3.370455,0,11.13625669704674
STU-CHA-83dacf15-1,60.293165,1,11.638015348178726
STU-CHA-7b3b91d5-1,77.900525,1,12.392256697926836
STU-CHA-6cae54d3-1,78.95156999999998,1,12.342627068297208
TOB-UNK-c2aba166-1,27.16465,0,11.166538879440665
TOB-UNK-c2aba166-2,-14.95015,0,11.180427768329556
MAK-UNK-23561bf6-1,-20.6063,0,12.18289446334089
NAU-LAT-f723e322-4,2.885148,0,11.946842403628118
PAU-UNI-8cdd41c7-1,69.11789,1,11.46171867614508
TAM-UNI-d1c3dd9f-5,62.504155000000004,1,11.78458029281633
TAM-UNI-d1c3dd9f-12,32.381265,0,12.193237700223735
TAM-UNI-d1c3dd9f-18,43.35726,0,11.582684223878307
JAN-GHE-bf40f168-2,-6.3045800000000005,0,13.44664523529929
MAK-UNK-af83ef51-1,15.749254999999998,0,11.559507865902305
MAK-UNK-af83ef51-2,60.7384,1,11.529562642209267
MAK-UNK-af83ef51-6,90.52429000000001,1,11.470475945811446
NIM-UNI-ed9fc491-4,41.166635,0,13.294373038777804
GIA-UNK-20b63697-2,102.98405,1,11.7739728960914
GIA-UNK-20b63697-6,98.14296999999999,1,11.790501821711235
ANT-OPE-c0c3e7cc-1,9.994081,0,11.573968446576671
FRA-BIO-8bf1eac9-1,7.697417999999999,0,13.091052847064752
FRA-BIO-8bf1eac9-2,-20.757195,0,4.718341675483284
FRA-BIO-8bf1eac9-3,-0.69724875,0,12.994851643982306
FRA-BIO-8bf1eac9-4,1.327189,0,12.822340911303305
FRA-BIO-8bf1eac9-5,4.8479515,0,11.21028264186333
FRA-BIO-8bf1eac9-6,9.5181395,0,11.86662140050878
FRA-BIO-8bf1eac9-7,16.4578375,0,11.585515674880964
FRA-BIO-8bf1eac9-8,1.3426185,0,12.650411799833698
FRA-BIO-8bf1eac9-9,26.383809999999997,0,11.357158997858402
FRA-BIO-8bf1eac9-10,-9.811537,0,12.087855433457436
FRA-BIO-8bf1eac9-12,2.6636395,0,12.442424027691883
BEN-DND-031a96cc-8,-18.74687,0,11.874452003023432
ANT-OPE-d972fbad-1,11.4243,0,12.777161870031707
AUS-ARG-7cfdce8f-1,-1.185928,0,5.819209419879062
AUS-ARG-7cfdce8f-15,14.09733,0,11.828953357728818
ANT-OPE-ab37bd51-1,22.53145,0,11.705269746787605
ANT-OPE-ab37bd51-2,0.7435621,0,11.629179264298312
CAS-DEP-751a2458-2,-36.7795575,0,9.499798122952884
BRU-LEF-cf996d6c-1,-26.98675,0,12.3599640792531
LUI-IND-2c46affe-3,-0.33226300000000003,0,12.52171166585554
ANT-OPE-7824651a-1,2.925561,0,12.950206846257535
MAK-UNK-129dcd6f-9,-23.32078,0,12.419846566355856
MAK-UNK-129dcd6f-12,-23.02358,0,12.295459829788001
MAK-UNK-30aad1f1-12,-3.6965660000000002,0,11.916229177805901
NIM-UNI-02269248-3,1.3622049999999999,0,11.456595292849872
VIJ-CYC-1a381570-3,9.7906775,0,14.064596257056296
VIJ-CYC-1a381570-5,-0.9716629000000001,0,11.794164234768493
VIJ-CYC-1a381570-10,6.835744,0,11.729659196815998
VIJ-CYC-1a381570-11,-0.249829325,0,11.786826271805529
VIJ-CYC-1a381570-12,-13.98851,0,12.316048625513362
VIJ-CYC-1a381570-13,-7.76699,0,12.551436096246666
DAR-DIA-fb20be43-4,102.4596,1,11.574061634346625
DAR-DIA-fb20be43-6,93.13343,1,11.629585050324588
DAR-DIA-fb20be43-7,90.85900500000001,1,11.649098365292447
MAR-UNI-9ca61fdc-1,-4.3947805,0,10.984836554622357
MAK-UNK-10572812-7,-21.485273499999998,0,13.602196775203044
MAK-UNK-10572812-16,7.5743050000000025,0,13.581163096603074
WAR-XCH-b6889685-20,7.410342999999999,0,11.214107043326363
WAR-XCH-b6889685-23,-1.56316695,0,11.222005891666024
WAR-XCH-b6889685-25,5.618161499999999,0,11.313946438718178
WAR-XCH-b6889685-26,8.084010000000001,0,12.926363781647767
WAR-XCH-b6889685-27,-0.83843525,0,11.316856609731026
WAR-XCH-b6889685-29,9.570041999999999,0,11.292933707236696
WAR-XCH-b6889685-30,7.221466499999999,0,11.320416297906101
WAR-XCH-b72a1bbc-1,-25.91639,0,11.081292359536409
WAR-XCH-b72a1bbc-4,8.579353,0,11.113048784328546
WAR-XCH-b72a1bbc-7,8.4662485,0,11.248568869933548
WAR-XCH-b72a1bbc-8,-11.99108,0,11.352608125346427
WAR-XCH-b72a1bbc-9,6.8180065,0,11.14994020159334
WAR-XCH-b72a1bbc-10,7.786803999999999,0,11.297153544361127
WAR-XCH-b72a1bbc-11,0.117096,0,11.325214768850925
WAR-XCH-b72a1bbc-14,7.0347610000000005,0,11.1386913494354
WAR-XCH-b72a1bbc-15,1.6450275,0,11.27939369986552
WAR-XCH-b72a1bbc-16,17.089435,0,11.2599717298941
WAR-XCH-b72a1bbc-18,-15.950070000000002,0,11.260713072855722
WAR-XCH-b72a1bbc-19,-2.5821175,0,11.31212477803366
WAR-XCH-b72a1bbc-20,-0.98737295,0,11.336569222478106
WAR-XCH-b72a1bbc-23,-23.12265,0,11.185638259363076
WAR-XCH-b72a1bbc-39,-25.817320000000002,0,11.22568111740044
WAR-XCH-b72a1bbc-48,-17.79275,0,11.28060590618512
WAR-XCH-b72a1bbc-49,6.021047,0,11.2541095088096
GAB-REV-4a4e2ff3-20,12.05787,0,14.16059291659986
JON-UIO-066ce08b-3,3.5151980000000003,0,12.026509353741494
JON-UIO-066ce08b-7,-31.424609999999998,0,13.226474439995366
JON-UIO-066ce08b-9,6.7028125,0,13.79568333280409
ALE-UNK-fca05062-1,12.97443,0,13.824468469754573
ALE-UNK-fca05062-2,6.715155499999999,0,13.867316916540332
ALE-UNK-fca05062-3,7.2497905,0,11.793070515243134
ALE-UNK-fca05062-4,-0.0737995,0,11.570470364071555
ALE-UNK-fca05062-9,-2.742432,0,11.953293729528847
BAR-COM-4e090d3a-2,2.6895284999999998,0,13.08599285084404
BAR-COM-4e090d3a-3,7.2804715,0,12.376794935196813
BAR-COM-4e090d3a-4,4.442346,0,12.183365824724953
BAR-COM-4e090d3a-5,15.83119,0,12.138066940925436
BAR-COM-4e090d3a-6,54.131159999999994,1,12.729141313932981
BAR-COM-4e090d3a-7,-28.016640000000002,0,12.732396541950115
BAR-COM-4e090d3a-8,-16.50485,0,12.553034874443606
BAR-COM-4e090d3a-9,8.282581500000001,0,12.907355914588056
BAR-COM-4e090d3a-10,7.826430999999999,0,13.8909889333011
BAR-COM-4e090d3a-11,10.109647,0,12.125543840244037
BAR-COM-4e090d3a-12,4.242857,0,12.946238189720333
BAR-COM-4e090d3a-14,2.959074,0,12.137517006802721
BAR-COM-4e090d3a-15,6.8988229999999975,0,12.206085538404784
BAR-COM-4e090d3a-16,10.204080000000001,0,13.06960656021668
BAR-COM-4e090d3a-19,50.62413,1,12.609061511580448
BAR-COM-4e090d3a-20,0.913150745,0,12.369429169816073
BAR-COM-4e090d3a-21,6.193357,0,12.230266439909297
BAR-COM-4e090d3a-22,-23.12265,0,11.956298107205846
BAR-COM-4e090d3a-23,-5.294053,0,12.125022656649639
BAR-COM-4e090d3a-26,11.21458,0,12.65162005542958
BAR-COM-4e090d3a-27,7.60848,0,12.338355367259135
BAR-COM-4e090d3a-29,13.889439999999999,0,12.246412351977828
BAR-COM-4e090d3a-30,-1.10957139,0,12.254978741496599
BAR-COM-4e090d3a-31,0.70134785,0,12.63410319416768
BAR-COM-4e090d3a-34,2.0355695,0,12.323232001133785
BAR-COM-4e090d3a-35,-21.715870000000002,0,12.195766140975827
BAR-COM-4e090d3a-36,11.92788,0,12.407826121189215
BAR-COM-4e090d3a-38,-2.37765,0,12.636919721592342
BAR-COM-4e090d3a-39,22.773735000000002,0,11.96121236457546
BAR-COM-4e090d3a-40,-28.853240000000003,0,12.339108875031496
BAR-COM-4e090d3a-42,-12.42811,0,12.382669963046947
BAR-COM-4e090d3a-43,11.692045,0,12.507581097253716
BAR-COM-4e090d3a-44,8.341589,0,12.979606530718092
BAR-COM-4e090d3a-45,5.1871410000000004,0,12.347815885613509
BAR-COM-4e090d3a-47,8.123636999999999,0,12.688388447971782
BAR-COM-4e090d3a-48,-12.80444,0,12.067045032021582
BAR-COM-4e090d3a-49,5.959332,0,12.032823601662885
BAR-COM-4e090d3a-50,20.725179999999998,0,11.939910714285714
BAR-COM-4e090d3a-51,6.741156,0,12.452733878675435
BAR-COM-4e090d3a-52,36.17991,0,12.059046359244668
BAR-COM-4e090d3a-53,16.96057,0,12.280008660871756
BAR-COM-4e090d3a-54,1.21745595,0,11.987901667717376
BAR-COM-4e090d3a-55,-20.566670000000002,0,13.081243386243385
BAR-COM-4e090d3a-56,3.229184,0,12.798874244142098
BAR-COM-4e090d3a-57,49.7127,0,13.034071850343464
BAR-COM-4e090d3a-58,13.5716,0,11.923627015621063
BAR-COM-4e090d3a-60,6.8155425,0,11.863839206979089
BAR-COM-4e090d3a-61,-2.045671,0,11.913023484084992
BAR-COM-4e090d3a-62,2.682852,0,12.366220710506425
BAR-COM-4e090d3a-63,-40.14266,0,12.182901292046767
BAR-COM-4e090d3a-64,6.319301,0,14.501176764336483
BAR-COM-4e090d3a-65,5.8179940000000006,0,12.349189499874024
BAR-COM-4e090d3a-66,3.916605,0,12.292434375188705
BAR-COM-4e090d3a-68,10.38241,0,12.100000787351975
BAR-COM-4e090d3a-69,8.282088499999999,0,12.055100781013374
STE-KUL-2e0d2e88-1,18.06401,0,11.869396501866742
STE-KUL-2e0d2e88-2,4.690442,0,12.483381762637716
ALE-HEI-f28a35b5-1,21.06202,0,11.68408163265306
ALE-HEI-f28a35b5-4,7.324259,0,11.480007558578984
ALE-HEI-f28a35b5-5,-0.0293793,0,11.591118669690099
GAB-REV-70cc3ca5-3,-27.105209999999996,0,11.865740940290001
GAB-REV-70cc3ca5-4,-18.34019,0,12.057064751826653
GAB-REV-70cc3ca5-6,-10.42203,0,12.699457917056222
GAB-REV-70cc3ca5-8,17.302229999999998,0,12.89458034139582
GAB-REV-70cc3ca5-13,-15.3538,0,11.755606575963716
GAB-REV-70cc3ca5-18,4.267136,0,12.043716458805745
GAB-REV-70cc3ca5-20,10.89574,0,11.934084585222982
GAB-REV-70cc3ca5-21,-24.270401,0,11.892028096362512
GAB-REV-70cc3ca5-22,13.139165,0,11.977855463172922
PET-SGC-2e937068-1,-15.77174,0,13.41077112285508
ALV-UNI-7ff1a6f9-14,0.9425473,0,13.386279890744175
ALV-UNI-7ff1a6f9-22,-1.0044989,0,13.373934211731832
ALV-UNI-7ff1a6f9-43,1.3437569999999999,0,13.189745906116755
ALV-UNI-7ff1a6f9-45,8.233209,0,12.078129566641474
ALV-UNI-7ff1a6f9-46,3.4262504999999996,0,12.660026889657015
ALV-UNI-7ff1a6f9-47,6.0932985,0,12.125642321743513
PET-SGC-a8a902d9-1,4.2422005,0,12.565734284454525
BEN-DND-362d364a-10,48.92015,0,12.167223770681113
DAV-CRI-14a23e73-1,94.62259,1,11.42209284959993
DAV-CRI-3edb475e-4,51.57519,1,11.05220379818594
DAV-CRI-3edb475e-6,74.487765,1,12.984450174617171
MAK-UNK-b1d4dcd7-3,-13.82419,0,12.490428237669468
FAR-UNI-a04c1544-1,2.6138002,0,12.646734414074784
MAK-UNK-9159f8ed-4,3.701804,0,12.159981153439848
MAK-UNK-9159f8ed-6,5.1890295,0,12.45994811350466
MAK-UNK-9159f8ed-7,35.68456,0,12.348837002393552
PET-SGC-abcbce68-1,-23.7765,0,11.478638262390966
MAK-UNK-4c6b313a-1,-20.6063,0,12.154005574452007
MAK-UNK-6435e6c2-1,4.20799245,0,12.157755574452008
MAK-UNK-6435e6c2-5,1.4342925,0,13.096745325081365
MAK-UNK-6435e6c2-6,4.1838815,0,13.595601904341985
DAN-PUR-6788a628-2,18.60511,0,11.569604119425547
RUT-UNI-630c5802-20,48.30592,0,13.026455971277402
GER-UNI-05c7e912-1,11.89448,0,13.125483518272116
GIA-UNK-a79af1bc-1,81.476355,1,11.470032071904367
NIR-THE-0d6461ce-8,98.32761500000001,1,11.497684393928981
NIR-THE-c331be7a-1,53.42881,1,11.989752771478964
NIR-THE-c331be7a-2,95.34918499999999,1,12.01827128999748
NIR-THE-c331be7a-6,99.746375,1,12.014444129503653
GIA-UNK-30c7cb75-1,-18.565479999999997,0,12.493735512723608
GIA-UNK-30c7cb75-2,-22.6273,0,12.438179957168051
GIA-UNK-30c7cb75-3,-27.42223,0,12.509939216427313
DAR-DIA-eace69ff-36,32.73232,0,12.900161564625849
GIA-UNK-d2defdc3-1,-20.60122,0,12.53556603970024
GIA-UNK-d2defdc3-2,-22.36972,0,12.382140113774312
GIA-UNK-d2defdc3-3,-19.4267,0,12.663668673698435
GIA-UNK-d2defdc3-4,-15.375470000000002,0,12.631982429947795
GIA-UNK-d2defdc3-6,-27.9572,0,12.623032249937012
GAB-FAC-880f6604-1,29.46934000000001,0,12.818542139514065
VIR-GIT-7b3d3065-2,31.38461,0,12.295631517524704
VIR-GIT-7b3d3065-3,38.7793,0,12.082020406413596
GIA-UNK-3f36037a-1,6.012231,0,11.859728993449233
GIA-UNK-3f36037a-2,-26.9467,0,11.808263731418492
GIA-UNK-3f36037a-6,15.13225,0,11.829383660871756
GIA-UNK-3f36037a-7,11.9675,0,11.62879220206601
DAN-LON-a5fc619e-3,99.47946,1,11.865850930975391
DAN-LON-a5fc619e-8,72.65968000000002,1,11.671593561360874
DAN-LON-a5fc619e-10,45.234625,0,12.235135070557149
JOH-MSK-35a8745a-1,-0.96170145,0,10.797336554622357
JOH-MSK-ec639444-2,6.6887445,0,11.287267704921474
CHR-SOS-363cfb78-1,17.066025,0,11.6208026266062
CHR-SOS-363cfb78-2,3.96325,0,11.77302484882842
GIA-UNK-595fac82-2,19.1599,0,12.190595238095238
GIA-UNK-595fac82-3,-25.32197,0,12.162817460317461
GIA-UNK-595fac82-4,-16.326529999999998,0,12.378095238095238
GIA-UNK-595fac82-5,17.614420000000006,0,11.105633232491549
CHR-SOS-7098f804-1,-22.82544,0,12.035888290501385
CHR-SOS-7098f804-2,-11.42961,0,11.975054957168052
CHR-SOS-7098f804-3,-15.61784,0,11.942308043587804
CHR-SOS-7098f804-4,5.5752195,0,11.950960569412947
CHR-SOS-7098f804-7,8.4149875,0,11.857380322499369
CHR-SOS-7098f804-10,75.23331,1,11.923182791635172
CHR-SOS-7098f804-11,22.7829,0,11.829602544721592
CHR-SOS-7098f804-12,6.673363,0,11.768769211388259
CHR-SOS-7098f804-14,60.368140000000004,1,12.562920288485765
CHR-SOS-7098f804-21,3.2322189999999997,0,11.86234945830184
GIA-UNK-eaadd1d4-1,6.2650334999999995,0,12.466585604550971
GIA-UNK-eaadd1d4-3,5.517857,0,12.579474404163255
TRI-UNI-97428359-1,12.482660000000001,0,11.818363583882231
CHR-SOS-f7373dd1-4,3.982564,0,12.408066893424033
ANN-UNI-26382800-3,11.55569,0,11.621320310531619
ANN-UNI-26382800-5,24.96099,0,11.759691515495089
ANN-UNI-26382800-6,9.794888,0,11.835171012849585
HAN-NEW-5f56c3bc-1,-0.6277824000000001,0,11.656303854875286
DUN-NEW-f8ce3686-1,-22.96545,0,11.78451278659612
DUN-NEW-f8ce3686-13,6.558350999999999,0,12.516340974291461
DUN-NEW-f8ce3686-14,-5.456835,0,11.438450526445653
DUN-NEW-f8ce3686-22,69.45781,1,11.912514076103694
DUN-NEW-f8ce3686-23,74.50326,1,12.669066515495086
DUN-NEW-f8ce3686-24,85.67826,1,11.682082749136438
DUN-NEW-f8ce3686-25,26.0974,0,12.089208374631355
AGN-NEW-891393a6-1,87.53385,1,11.647777305366592
MIH-UNI-6b9ca91a-5,2.315665,0,9.146405082311468
MIH-UNI-6b9ca91a-6,-24.45017,0,11.712384101788864
DUN-NEW-d8381160-1,-24.74737,0,11.766513133030989
AGN-NEW-c7b24fe3-3,-5.939392,0,11.91301209372638
AGN-NEW-c7b24fe3-4,-15.721029999999999,0,11.86992819349962
AGN-NEW-c7b24fe3-5,3.6197355000000004,0,11.910744520030233
PAT-GYR-359dbb24-1,2.4609235000000003,0,11.821442743764171
ANT-LOU-17aa1493-2,4.05469,0,12.379345316830435
KIM-UNI-2ee5d8f9-1,6.3404,0,11.209996913059683
ANT-STE-dbb91f63-1,24.947395,0,11.578624653821175
JOR-UNI-2fc98d0b-6,49.6179,0,12.797844702695894
JOR-UNI-2fc98d0b-12,88.791675,1,12.841054579239106
ADA-UNI-f8e79267-2,-3.1753485,0,12.552513699924415
ADA-UNI-f8e79267-5,1.5463741000000002,0,12.452279856387
PAT-UNK-b2d83456-1,6.593532499999999,0,11.218658529221301
ANT-DIA-b7f58f21-2,0.0445147,0,10.727901077097505
ANT-DIA-b7f58f21-3,14.42441,0,10.73277478584026
TRY-UNI-1fd04853-5,9.0260615,0,12.033955971277402
TRY-UNI-1fd04853-7,3.4472410000000004,0,12.022887989557962
TRY-UNI-1fd04853-8,1.7144044999999999,0,12.052778250188966
TRY-UNI-1fd04853-9,8.4511955,0,12.006178193499622
TRY-UNI-1fd04853-10,-17.2385,0,12.043697483623081
TRY-UNI-1fd04853-11,4.1642875,0,11.995110211780185
TRY-UNI-1fd04853-12,0.61552145,0,12.025000472411186
TRY-UNI-714a760b-5,19.47383,0,11.795192743764172
TRY-UNI-714a760b-6,81.75695999999998,1,11.863408919123206
TRY-UNI-714a760b-12,58.708675,1,11.752297808012097
TRY-UNI-714a760b-16,18.376635,0,12.225026455026455
TRY-UNI-714a760b-18,78.712695,1,12.194427437641725
TRY-UNI-714a760b-20,58.318794999999994,1,11.911913737717311
TRY-UNI-714a760b-22,61.41119499999999,1,12.242932256235829
TRY-UNI-714a760b-24,44.289915,0,11.800802626606199
WAR-XCH-eb7b662f-2,43.902085,0,11.716796579743008
WAR-XCH-eb7b662f-4,21.22575,0,11.629743008314435
WAR-XCH-eb7b662f-5,12.72043,0,11.711375661375664
DAR-DIA-842b4336-3,11.320110000000001,0,11.547785336356766
DAR-DIA-842b4336-4,23.74839,0,11.50470143613001
DAR-DIA-842b4336-7,8.855559,0,11.441118669690098
DAR-DIA-842b4336-13,11.50041,0,11.615812547241118
DAR-DIA-842b4336-16,-9.906875,0,11.552229780801207
DAR-DIA-842b4336-18,8.2806935,0,11.923075396825395
DAR-DIA-23aa0b97-1,2.910389,0,12.094819538926682
DAR-DIA-23aa0b97-2,0.077528,0,12.067041761148904
DAR-DIA-23aa0b97-5,10.279247,0,11.648580404383974
DAR-DIA-23aa0b97-6,-0.0609150000000001,0,11.731913737717312
DAR-DIA-23aa0b97-8,57.24191999999999,1,11.719064153439154
DAR-DIA-23aa0b97-11,47.31524,0,11.983708427815573
DAR-DIA-23aa0b97-12,9.3436955,0,12.046314720332576
DAR-DIA-23aa0b97-13,14.95938,0,11.670559334845047
DAR-DIA-23aa0b97-14,30.92173,0,11.600075585789874
DAR-DIA-23aa0b97-15,16.82187,0,11.572297808012097
DAR-DIA-23aa0b97-17,21.805805,0,11.731913737717312
DAR-DIA-23aa0b97-19,73.019885,1,12.20337962962963
DAR-DIA-23aa0b97-20,57.79387,1,12.086658635676491
ANT-DIA-3c79be55-4,6.2614199999999975,0,11.810935846560845
